age,trestbps,chol,thalach,oldpeak
54.54208754208754,131.69360269360268,247.35016835016836,149.5993265993266,1.0555555555555558
9.049735681096765,17.762806366598998,51.99758253513897,22.941562061360813,1.1661227818468953
